title,categoryId
Refs just gave the Warriors a free bucket ğŸ¤£ #shorts,17
"Vodro Ovodro | Bangla Natok | Sabuj, Rabina, Ifti, Zara Noor | Natok 2023 | EP 31",24
I THOUGHT I Wanted This,28
SNIFFER EGG HATCHING & 10 YEAR OLD BUG GETS FIXED! | MINECRAFT MONTHLY,20
Saath Nibhaana Saathiya | à¤¸à¤¾à¤¥ à¤¨à¤¿à¤­à¤¾à¤¨à¤¾ à¤¸à¤¾à¤¥à¤¿à¤¯à¤¾ | Kokila ne Gopi ko pooja mein le jane se kiya inkaar!,24
Alex Schubert | Put it on Tape: Cincinnati,24
"WIFE WON'T Let EX SEE DAUGHTER, What Happens Next Is Shocking | Dhar Mann",22
vivo V27 -  Pre-book Now,24
"Rishi Sunak à¤•à¥‡ à¤¸à¤¾à¤®à¤¨à¥‡ à¤‰à¤–à¤¾à¥œ à¤«à¥‡à¤‚à¤•à¤¾ à¤¤à¤¿à¤°à¤‚à¤—à¤¾, à¤¦à¥‡à¤–à¤¿à¤ à¤•à¥à¤¯à¤¾ à¤•à¤°à¥‡à¤—à¤¾ à¤­à¤¾à¤°à¤¤ ! Amritpal Singh Latest Update |Punjab",25
This Cooler Might Kill Your CPU,28
ĞĞ’Ğ  Ğ¨Ğ¾Ñƒ: Ğ˜Ğ³Ñ€Ğ° Ñ Ğ½Ğ°Ñ‡Ğ°Ğ»ÑŒĞ½Ğ¸ĞºĞ¾Ğ¼,23
"Maine Pi Rakhi Hai(Lyrical) Tu Jhoothi Main Makkaar: Ranbir Shraddha Pritam Shreya, Divya K, Amitabh",10
Teardown But I'm Losing My Mind,20
Das ist der Hit: Deutschlands beste ReiseAPP kommt von CHECK24.,24
30000 UC OPENING FOR THE NEW BUGGATI AND PLAYING THE NEW MODE â€¢,20
"Lakers face Suns tonight, is it a must-win for LA? | NBA | FIRST THINGS FIRST",17
Republicans call on liberal DA to testify on possible Trump indictment,25
CHARLANDO con ROSALÃA y RAUW ALEJANDRO,24
"Celtics, Nuggets, Thunder or Grizzlies: Which team is set up BEST for the next 5 years? | First Take",17
Fisherman Save Woman In River.,15
IzzaPakbet yummy,24
'OH C'MONâ— Enough about Lamar Jacksonâ— MY GOODNESS GRACIOUSâ—' - Mad Dog Russo | First Take,17
CRIAÃ‡Ã•ES DA APPLE QUE FRACASSARAM TOTALMENTE,24
Saweetie x Icebox x Candy Crush: All Stars Heist,20
Ø§Ù„Ø¹Ø§Ù…Ù„Ø© Ù‡Ø±Ø¨Øª | #Ø´Ø±ÙƒØ©_Ø§Ù„Ø³ÙŠÙ,22
Playing Candy Crush Saga Games||Level2400-2403||#supersugar star#delicious#sugarstars,24
BROMA A MIS AMIGOS CON CUCARACHAS GIGANTES !!,24
Shan-e- Sehr | Middath-e-Rasool (S.A.W.W.) | Waseem Badami | 23rd March 2023,24
Saath Nibhaana Saathiya | à¤¸à¤¾à¤¥ à¤¨à¤¿à¤­à¤¾à¤¨à¤¾ à¤¸à¤¾à¤¥à¤¿à¤¯à¤¾ | Kya Aham hoga Gopi se impress?,24
à®¨à®®à¯à®® à®•à¯‹à®ªà®¿à®¯à®¾ à®‡à®ªà¯à®ªà®Ÿà®¿ à®ªà¯‡à®šà¯à®±à®¤à¯.. ğŸ˜²| Baakiyalakshmi - Episode Preview,24
2023 Birthday Special for Linda Larkin (Part 82),23
MONUMENT VALLEY 2 PANORAMIC EDITION PC CAPITULO#3//EL JARDIN BOTANICO// GAMEPLAY EN ESPAÃ‘OL,20
Amritpal Singh: à¤…à¤®à¥ƒà¤¤à¤ªà¤¾à¤² à¤¸à¤¿à¤‚à¤¹ à¤ªà¤° à¤•à¤¾à¤°à¥à¤°à¤µà¤¾à¤ˆ à¤•à¤¾ à¤ªà¤‚à¤œà¤¾à¤¬ à¤®à¥‡à¤‚ à¤•à¥à¤¯à¤¾ à¤”à¤° à¤•à¤¿à¤¤à¤¨à¤¾ à¤…à¤¸à¤°? (BBC Hindi),25
Sundari - Promo | 21 Mar 2023 | Sun TV Serial | Tamil Serial,24
2023 Birthday Special for Linda Larkin (Part 29),23
Why Carvana's debt deal could be a sign of trouble for other companies,25
At least 5 killed in California severe weather,25
Ethirneechal - Promo | 21 Mar 2023 | Sun TV Serial | Tamil Serial,24
India's Tit-For-Tat move: UK High Commissionâ€™s Security Downgraded | Vantage with Palki Sharma,25
Toyota GR86 v GT86 v AE86: DRAG RACE,2
Kaalipothunna - Lyrical | Perfume | CheNag | Prachi Thaker | Chandrabose | Hema Chandra,10
Ramadan Moon Sighting 2023 in Pakistan | Ruet-e-Hilal Committee Meeting | Breaking News | BOL News,25
TNT Mango Summer,24
Anandha Ragam - Promo | 23 Mar 2023 | Sun TV Serial | Tamil Serial,24
FREE FIRE IN REAL LIFE ğŸ˜² (NO Clickbait),20
Burna Boy - Rollercoaster (feat. J Balvin) [Official Music Video],10
Kismat e kharab hai ğŸ¤ª | oh bhai maro mujhe maro ğŸ¤ª #vishalbhatt  #comedy  #shorts,23
"'Don't be pre-occupied with Uhuru, he is a man,' MP Millie Odhiambo fires at MP Kimani Ichung'wa",25
Workday JAZZ - Instrumental Cafe Music For Work,10
[ìë§‰ë‰´ìŠ¤] ë“œë””ì–´ ë§Œë‚œ í‘¸í‹´ê³¼ ì‹œì§„í•‘...ë¯¸êµ­ì´ ê²½ì•…í•œ ì´ìœ  / YTN,25
Yasak Elma 168. BÃ¶lÃ¼m,24
Hijos de BarrÃ³n's YouTube Premium Afterparty,10
"Sami Zayn & Kevin Owens and The Usos set WrestleMania showdown: Raw, March 20, 2023",17
Bad Bunny set a new standard for celebrities at #WrestleMania,17
Formula 1 Racing | How the World's Most Dangerous Sport Works? | Dhruv Rathee,27
à¸«à¸´à¹‰à¸§ â€˜à¹€à¸›à¸²â€™ à¹‚à¸ˆà¹‹ 16 à¸Ÿà¸±à¸™à¹à¸‚à¸™à¸ªà¸²à¸§à¸”à¸±à¸šà¸à¸²à¸à¸‚à¸±à¸‡ l à¸•à¸¥à¸²à¸”à¸‚à¹ˆà¸²à¸§ - à¸‚à¹ˆà¸²à¸§à¹€à¸Šà¹‰à¸²à¹€à¸§à¸´à¸£à¹Œà¸„à¸à¸­à¸¢à¸—à¹Œ l 20 à¸¡à¸µ.à¸„.66,25
AteÅŸ KuÅŸlarÄ± 9. BÃ¶lÃ¼m FragmanÄ± | ''AÅŸk dediÄŸin bÃ¶yle bir ÅŸey deÄŸil...'' @atvturkiye,24
Ashley Johnson On Her The Last of Us Role | The Last of Us | HBO Max,1
NOTA PARA A EDUCAÃ‡ÃƒO DOS MENINOS NA SALA DE AULA  2 ğŸ˜‚ğŸ˜ #school #shorts #escola,27
â€œë‚´ë…„ í•˜ë°˜ê¸° ê°œë´‰ì‘ ì—†ì„ ìˆ˜ë„â€â€¦OTT ë°€ë¦° í•œêµ­ ì˜í™” [9ì‹œ ë‰´ìŠ¤] / KBS  2023.03.20.,25
Suy niá»‡m Lá»i ChÃºa ngÃ y 21.3.2023: VÆ°á»£t trÃªn khuÃ´n khá»• cá»§a lá» luáº­t,29
Mujhe Pyaar Hua Tha Episode 16 | Promo | Digitally Presented by Surf Excel & Glow & Lovely,24
LIVE: Jack Smith Secures MASSIVE WIN and MAJOR Trump Indictment Updates | Legal AF,24
How Much Should You Worry About That Gas Stove?,27
"Manish Kashyap Arrest à¤•à¥‡ à¤¬à¤¾à¤¦ à¤¬à¤¿à¤¹à¤¾à¤° à¤®à¥‡à¤‚ à¤¬à¤µà¤¾à¤², à¤—à¤¾à¤‚à¤§à¥€ à¤œà¥€ à¤µà¤¾à¤²à¥‡ à¤µà¥€à¤¡à¤¿à¤¯à¥‹ à¤•à¤¾ à¤¸à¤š à¤ªà¥‚à¤› à¤°à¤¹à¥‡ à¤²à¥‹à¤— | Social List",25
Star Wars Jedi: Survivor - Official Story Trailer | PS5,20
Hunting and Eating Whale!! Europeâ€™s Most Controversial Food!!,19
#SanthwanamPromo à´•àµà´àµà´à´¿à´¨àµ† à´¸àµà´ªàµ¼à´¶à´¿à´šàµà´šà´¤à´¿àµ½ à´®à´¨à´‚à´¨à´¿à´±à´àµà´àµ à´¦àµ‡à´µà´¿,24
DO THIS NOW: Get Them Ready!,27
Nazar - Season 1 | Episode - 177 - Part 2,24
TARAWEH PERTAMA - Edisi Ramadhan - Animasi Sekolah,1
Snow Manã€ç·Šæ€¥ç”Ÿé…ä¿¡!!ã€‘ã¿ã‚“ãªãŒå–œã‚“ã§ãã‚Œã‚‹...ã‚ˆã­ã€é‡å¤§ç™ºè¡¨!!!!!!!!!,24
Amritpal Singh à¤ªà¤° 48 à¤˜à¤‚à¤Ÿà¥‡ à¤šà¤²à¥‡ à¤‘à¤ªà¤°à¥‡à¤¶à¤¨ à¤•à¥‡ à¤¬à¤¾à¤¦ à¤ªà¥à¤²à¤¿à¤¸ à¤•à¥‡ à¤¹à¤¾à¤¥ à¤•à¥à¤¯à¤¾ à¤²à¤—à¤¾? à¤¸à¤š à¤¯à¥‡ à¤°à¤¹à¤¾à¥¤Lallantop Show,25
Thendral Vanthu Ennai Thodum | 20th to 25th March 2023 - Promo,24
Meme Time | Reacting to YOUR Green Screen memes,24
Live : à°ˆ à°°à±‹à°œà±‡ à°…à°®à°¾à°µà°¾à°¸à±à°¯ - à°¶à±à°¯à°¾à°®à°² à°¦à±‡à°µà°¿ à°¹à±‹à°®à°‚ à°²à±ˆà°µà± |Shyamala Devi Homam | Sravanthi |RedTVBhakthi,26
Kyun Ki Kyun Nahi feat. @KapilSharmaK9 | Zakir khan | Zwigato,23
ToÃ n cáº£nh quá»‘c táº¿ 20/3 | Tá»•ng há»£p tin tháº¿ giá»›i ná»•i báº­t nháº¥t 24h | FBNC,25
"My Wife Trapped Me in UNDERWATER Prison, So I Got REVENGE!",20
Viaan Is Confident About The Investigation | Katha Ankahee | à¤•à¤¥à¤¾ à¤…à¤¨à¤•à¤¹à¥€ | Tonight At 8:30 PM,24
Influencers real bts ğŸ¤£ğŸ¤£ #priyankatyagi #shorts,24
Johnny Depp's Lawyer Reacts to Buster Murdaugh's 'Defamatory' Media Warnings,24
"7 Ná»¥ CÆ°á»i XuÃ¢n 6 | Táº­p 19: LÃ¢m Vá»¹ Dáº¡ háº¡i Ä‘á»“ng Ä‘á»™i, ThÃºy NgÃ¢n váº­t lá»™n Jun Pháº¡m, TrÆ°Æ¡ng Tháº¿ Vinh",24
Mann Kee Awaaz Pratigya | à¤®à¤¨ à¤•à¥€ à¤†à¤µà¤¾à¤œà¤¼ à¤ªà¥à¤°à¤¤à¤¿à¤œà¥à¤à¤¾ | Pratigya ki baaton se Krishna hua jealous!,24
"à¤ªà¥à¤¤à¤²à¥€à¤•à¥‹ à¤¤à¤®à¤¸à¤¾ II Garo Chha Ho II Episode: 142 II March 20, 2023 II Begam Nepali II Riyasha Dahal",24
Papa vs chacha mirchi challenge ğŸ˜‚,22
"Dotara (Video) Jubin Nautiyal, Mouni Roy, Payal Dev | Darsh Kothari,Vayu, BLM Studios| Bhushan Kumar",10
SÃ©rie - Virginie - Saison 3 - Episode 36,24
New 1025hp Dodge Demon: 0-60mph in 1.66 seconds!!,2
Chuyá»‡n nÃ³ng: Tiáº¿p viÃªn vÃ  hÃ ng XÃCH TAY,24
"They said this makes chicken BETTER than KFC, So we tried!",24
Partygate: Boris Johnson testimony 'really uncomfortable',25
Buick Grand National Experimental Review // The Demon Of The â€˜80s,2
INIYA Serial | Episode 92 Promo | à®‡à®©à®¿à®¯à®¾ | Alya Manasa | Saregama TV Shows Tamil,24
Farq Episode 42 Promo | Tomorrow at 8:00 PM On Har Pal Geo,24
Fred Domination | Wheel of Fortune,24
"[#ì˜¤ì€ì˜ë¦¬í¬íŠ¸ ê²°í˜¼ì§€ì˜¥] 20ë…„ì§¸ ë©°ëŠë¦¬ë¡œ ì¸ì • ì•ŠëŠ” ì‹œëŒ, ì–´ë¦° ì‹œì ˆ ì•„í””ì´ ë‚¨ì•„ ìˆëŠ” ì•„ë‚´ #ì— ëšœë£¨ë§ˆëšœë£¨ #ë³¼ê¼¬ì–‘ MBC230320ë°©ì†¡",23
India's bold Tricolour response to Khalistani supporters in London receives praise | UPSC | StudyIQ,27
Russia warns of missile strike on World Court after German Minister vows to arrest Putin,25
The judges CAN'T stop laughing ğŸ¤£ | The BEST of Mike E. Winfield | AGT: All-Stars 2023,24
Aitzaz Ahsan's legal analysis on the postponement of elections,25
DUI KULEY SULTAN | TAPOSH FEAT. OYSHEE | WIND OF CHANGE,10
à®ªà¯‹à®¯à¯ à®•à®¾à®²à¯à®² à®µà®¿à®´à¯.. ğŸ˜‚ğŸ˜‚| Baakiyalakshmi - Episode Preview,24
110 à¤¸à¤¾à¤² à¤¬à¤¾à¤¦ à¤šà¥ˆà¤¤à¥à¤° à¤¨à¤µà¤°à¤¾à¤¤à¥à¤°à¤¿ à¤ªà¤° à¤¬à¤¨ à¤°à¤¹à¤¾ à¤¦à¥à¤°à¥à¤²à¤­ à¤¸à¤‚à¤¯à¥‹à¤— !à¥¤ Pandit Suresh Pandeyà¥¤Darshan24,24
Peppa Pig Goes To The Roller Disco | Kids TV And Stories,1
Nikola Jokic on winning on the Wizards' Serbian heritage night | NBA on ESPN,17
INSANE Match Highlights | Sahith Theegala vs. Min Woo Lee | WGC-Dell Match Play | 2023,17
25 Mac Jualan Awal Ramadan ğŸŒ™,28
"Lindsey Graham says Trump indictment will ""blow up"" our country",25
How Model Lila Moss Gets Runway Ready | Diary of a Model | Vogue,22
Saath Nibhaana Saathiya | à¤¸à¤¾à¤¥ à¤¨à¤¿à¤­à¤¾à¤¨à¤¾ à¤¸à¤¾à¤¥à¤¿à¤¯à¤¾ | Kyun di Aham ne Gopi ko sazaa?,24
When Noob Plays Squid Game Hole In The Wall | Monster School Minecraft Animations,20
[ìŠˆì·¨íƒ€] EP.7 TEASER,10
Muthazhagu | 20th to 25th March 2023 - Promo,24
"Trump Arrest Could Happen TOMORROW, GOP Lowlifes Scream Witch Hunt & Florida Aims to Ban Period Talk",23
Saath Nibhaana Saathiya | à¤¸à¤¾à¤¥ à¤¨à¤¿à¤­à¤¾à¤¨à¤¾ à¤¸à¤¾à¤¥à¤¿à¤¯à¤¾ | Kyun laga Gopi ko sadma?,24
Billlie | 'enchanted night ~ ç™½å¤œ' : a prequel film of Billage of perception,24
RBNiSLIVE Live Stream,22
The majestic Kalaam of â€œShan-e-Ramazan 2023â€ is here! #WaseemBadami #ShaneRamazan,24
"[ì˜¤ëŠ˜ ì´ ë‰´ìŠ¤] ""ì™œ í”¼í•´ìê°€ ê°€í•´ì ë§ˆìŒì„ ì—¬ë‚˜..ì™¸êµ ì„±ê³µì´ë¼ê³ ? ì–´ì´ì—†ë‹¤"" (2023.03.20/MBCë‰´ìŠ¤)",25
Janam Janam Ka Sath | Full Episode 109 | 20th March 2023 | à¤œà¤¨à¤® à¤œà¤¨à¤® à¤•à¤¾ à¤¸à¤¾à¤¥ | Dangal TV,24
Chana Madra from Himanchal #LostRecipes #YouTubeShorts #Viral #Shorts #MadraRecipe,26
à¦à¦•à¦¨à¦œà¦°à§‡ à¦¬à¦¿à¦¶à§à¦¬à§‡à¦° à¦†à¦²à§‹à¦šà¦¿à¦¤ à¦¸à¦¬ à¦–à¦¬à¦° | Jamuna i-Desk | 20 March 2023 | Jamuna TV,25
Purple Cabbages added more colour to already colourful dishes! Bro made pickles too | Traditional Me,26
"BENCH CAM | Arsenal v Crystal Palace (4-1) | The goals, actions, reactions and more",17
"à¸›à¸£à¸°à¸¡à¸§à¸¥à¸ à¸²à¸ ""à¹€à¸§à¸—à¸µà¹€à¸à¹‰à¸²à¸­à¸µà¹‰à¸§à¹ˆà¸²à¸‡"" | à¸‚à¹ˆà¸²à¸§à¸‚à¹‰à¸™à¸„à¸™à¸‚à¹ˆà¸²à¸§ | NationTV22",25
OS DONOS DA BOLA - 20/03/2023 - PROGRAMA COMPLETO,17
Piya Abhimani | 19th March 2023 Full Episode 19 | à¤ªà¤¿à¤¯à¤¾ à¤…à¤­à¤¿à¤®à¤¾à¤¨à¥€ | Dangal TV,24
Bir KÃ¼Ã§Ã¼k GÃ¼n IÅŸÄ±ÄŸÄ± 27. BÃ¶lÃ¼m FragmanÄ± | ''Bunu FÄ±rat'tan saklayamam.'' @atvturkiye,24
WHAT A GAME ğŸ”¥ | Man Utd 3-1 Fulham | Highlights,17
Chellamma | 20th to 25th March 2023 - Promo,24
All New 2023 Hyundai Verna Drive Review | First in the WorldğŸ”¥ğŸ”¥,22
Convicted carjacker sentenced to 22 years in prison after telling detectives he'd 'be out by Sunday',25
Tiktok viral songs ğŸ’ Trending tiktok songs 2023 ~ Viral songs 2023,10
Krishna Mukunda Murari - Promo | 21st Mar 2023 | Star Maa Serials | Mon-Sat at 8.30 pm | Star Maa,22
Hellblade 2: Senua's Saga - Official Unreal Engine 5 Metahuman Demo | State of Unreal 2023,20
Ghum Hai Kisikey Pyaar Meiin | Kya Phir Tootega Pakhi Ka Dil?,24
Episode 291 | Part 1 | à¦¦à§‡à¦–à§à¦¨ #à¦…à¦¨à§à¦°à¦¾à¦—à§‡à¦°à¦›à§‹à¦à§Ÿà¦¾ à¥¤ à¦¸à§‹à¦® - à¦¶à§à¦•à§à¦° 9:30 PM,24
Cody Rhodes tells Roman Reigns he's losing his Tribe  | WWE Raw Highlights 3/20/23 | WWE on USA,17
InseminaciÃ³n Casera como Alternativa | Fragmento Podcast | 05 Nov 2017,22
"The Pat McAfee Show | Wednesday March 22nd, 2023",17
ğŸ‘ Like to Save ğŸ’š Green! (Cartoon Animation),1
Final moments of the last 10 WrestleMania main events: WWE Playlist,17
Samjhota Episode 38 | 20th March 2023 (English Subtitles) | ARY Digital Drama,24
Unreal Engine 5 - Fortnite Graphics Update Tech Demo | State of Unreal 2023,24
OS DESAFIANTES TREMEM AO ME VER COM A CAMISA DE MESTRE MAIS RARA!! FREE FIRE MOBILE,20
Buster Murdaugh Breaks Silence on Stephen Smith Death Investigation,24
"O Bedardeya (Full Video) Tu Jhoothi Main Makkaar | Ranbir, Shraddha | Pritam,Arijit Singh, Amitabh B",10
Ye Hai Mohabbatein | à¤¯à¥‡ à¤¹à¥ˆ à¤®à¥‹à¤¹à¤¬à¥à¤¬à¤¤à¥‡à¤‚ | Bhalla parivaar par toota dukh ka pahad!,24
Young Dolph - Love For The Streets (Official Video),10
à®šà®¿à®•à®¿à®šà¯à®šà¯ˆà®•à¯à®•à¯ à®µà®¨à¯à®¤ à®‡à®³à¯ˆà®à®°à¯...à®®à®¯à®•à¯à®• à®Šà®šà®¿ à®šà¯†à®²à¯à®¤à¯à®¤à¯à®®à¯ à®®à¯à®©à¯ à®…à®¤à®¿à®°à¯à®šà¯à®šà®¿..à®®à®°à¯à®¤à¯à®¤à¯à®µà®®à®©à¯ˆà®¯à®¿à®²à¯‡à®¯à¯‡ à®ªà®±à®¿à®ªà¯‹à®© à®‰à®¯à®¿à®°à¯.!,25
Ep 3 - We Turned New Zealand Into a Real-Life Board Game,19
Sirat e Mustaqeem S3 | Ramazan Special | ARY Digital,24
PR MUSIC LIVE,22
grÃ¡vida e abandonada,24
ABBI - The Book of Ecclesiastes (Week 10),29
ESL Pro League Season 17 - Playoffs - Day 2 - A Stream,20
The Marvelous Mrs. Maisel Season 5 - Official Trailer | Prime Video,24
â€‹KÄ±zÄ±lcÄ±k Åerbeti 20. BÃ¶lÃ¼m 2. Fragman | â€œBu ruh hastasÄ± beni camdan aÅŸaÄŸÄ± attÄ±!â€,24
å°ç£éº»å°‡24å°æ™‚ç›´æ’­/çš‡å®¶æŸ³ä¸éº»å°‡ç«¶æŠ€20221106/ç›´æ’­è¦–è§’-å²±æ¨º,24
[ë‹¨ë…] ì¼ë³¸ ì—¬ë‹¹ì˜ì› â€œë” ì´ìƒ ì‚¬ì£„ í•„ìš” ì—†ì–´â€â€¦â€œìœ„ì•ˆë¶€ í•©ì˜ ì´í–‰ ìš”êµ¬ ìˆì—ˆë‹¤â€ / KBS  2023.03.20.,25
à¸•à¸­à¸™à¸—à¸µà¹ˆ 401-420 : à¸«à¹‰à¸­à¸‡à¸ªà¸¡à¸¸à¸”à¸­à¸²à¸“à¸²à¸ˆà¸±à¸à¸£à¸ªà¸§à¸£à¸£à¸„à¹Œ : à¸Ÿà¸±à¸‡à¸ªà¸šà¸²à¸¢à¸­à¸¢à¸¹à¹ˆà¹ƒà¸•à¹‰à¸«à¸¥à¹‰à¸²,22
Massive fight at Stonestown mall in San Francisco caught on camera | LiveNOW from FOX,25
You already know the Mysterio family gc was blowing up that night ğŸ“±ğŸ”¥ #Short,17
Saath Nibhaana Saathiya | à¤¸à¤¾à¤¥ à¤¨à¤¿à¤­à¤¾à¤¨à¤¾ à¤¸à¤¾à¤¥à¤¿à¤¯à¤¾ | Aham ne pakad liya Gopi ko apni baahon mein!,24
"Lucy Liu Took Intimate Photos of Drew Barrymore During ""Charlie's Angels"" Filming | #shorts",24
"Shilpi Raj, Vijay Chauhan â€“ à¤²à¥ˆà¤®à¤¿à¤¨à¥‡à¤¶à¤¨ | Lamination Video Gaana | Saumya Pandey",10
Alparslan: BÃ¼yÃ¼k SelÃ§uklu 48. BÃ¶lÃ¼m,24
MANGULARA BHAGYA- à¬®à¬™à­à¬—à­à¬³à¬¾à¬° à¬­à¬¾à¬—à­à­Ÿ -Mega Serial | Full Episode -413 | Sidharrth TV,24
Mermaid Song Dance Party | CoComelon Nursery Rhymes & Kids Songs,27
[ìë§‰ë‰´ìŠ¤] 'ê¸ˆìœ¼ë¡œ ë„ë¡œë¥¼ ì§€ì—ˆìŠµë‹ˆê¹Œ' ì—­ëŒ€ê¸‰ í†µí–‰ë£Œì— ì†ìˆ˜ë¬´ì±… / KBS  2023.03.21.,25
Boonie Bears: A Mystical Winter,30
æ™®æ¬½é«˜è¦æ ¼è¿ç¿’è¿‘å¹³çµ¦æ‹œç™»çœ‹ï¼è‘‰å€«å·´è²ç‰¹é›£æ•‘ç¾å‚µç„¡å‘½äººï¼Ÿå·´é»ä¸‰å¤œå¤§æš´å‹•è¦é¦¬å…‹å®XXï¼å·´è¥¿90ä¼æ¥­è¨ªä¸­è«‡å—æ–¹å…±åŒå¸‚å ´ï¼ç¾åœ‹é‡è¾¦éƒ­æ–‡è²´å·æ™®å¤§é¸ç¥­æ——ï¼Ÿ æ–°èå¤§ç™½è©±@tvbstalkå®Œæ•´ç‰ˆ 20230320,25
Fox Hosts are SHOCKED on LIVE TV By MeidasTouch Report,25
Mexico vs. Japan Highlights | 2023 World Baseball Classic Semifinals,17
Priyamaana Thozhi - Promo | 21 Mar 2023 | Full EP Free on SUN NXT | Sun TV | Tamil Serial,24
Thirumagal - Best Scenes | 20 March 2023 | Sun TV | Tamil Serial,24
Lawrence: Donâ€™t worry about violent Trump mob invading Manhattan,25
"Slay It, Don't Spray It: Chance the Rapper, French Montana, Jabari Banks and Quavo",22
When you try to walk it in and SUCCEED! | Premier League,17
FUNNIEST SIDEMEN AMONG US MOMENTS (Part 3),20
Russian mercenary group Wagner may lose thousands of fighters,25
News Ki Pathshala | Sushant Sinha | Amritpal à¤•à¥‡ PAK-à¤•à¤¨à¥‡à¤•à¥à¤¶à¤¨ à¤µà¤¾à¤²à¥€ à¤•à¥à¤‚à¤¡à¤²à¥€ à¤®à¥‡à¤‚ Modi à¤•à¥‡ à¤–à¤¿à¤²à¤¾à¤« à¤ªà¥à¤²à¤¾à¤¨ !,25
JOGO ABERTO - 20/03/2023 | PROGRAMA COMPLETO,17
Blac Youngsta - Razzle Dazzle (Official Video),10
Ğ ĞĞ¡ĞšĞĞŸĞĞ› Ğ¡ĞĞšĞ ĞĞ’Ğ˜Ğ©Ğ• ĞœĞĞĞ¬Ğ¯ĞšĞ Ğ’ ĞœĞĞ™ĞĞšĞ ĞĞ¤Ğ¢!,20
"Shivsena Leader Satara Firing : à¤¸à¤¾à¤¤à¤¾à¤±à¥à¤¯à¤¾à¤¤ à¤à¤• à¤¤à¤¾à¤¸ à¤«à¤¾à¤¯à¤°à¤¿à¤‚à¤—, à¤¦à¥‹à¤˜à¤¾à¤‚à¤šà¥€ à¤¹à¤¤à¥à¤¯à¤¾; à¤¶à¤¿à¤µà¤¸à¥‡à¤¨à¥‡à¤šà¥à¤¯à¤¾ à¤¨à¥‡à¤¤à¥à¤¯à¤¾à¤²à¤¾ à¤…à¤Ÿà¤•",25
"Irritada com carro parado, idosa bate com guarda-chuva em veÃ­culo | Primeiro Impacto (20/03/23)",25
Playing UEFN For the FIRST TIME! (Fortnite Creative 2.0),20
Youtuber Manish Kashyap à¤•à¥€ à¤—à¤¿à¤°à¤«à¥à¤¤à¤¾à¤°à¥€ à¤•à¥‡ à¤¬à¤¾à¤¦ à¤¸à¤®à¤°à¥à¤¥à¤•à¥‹à¤‚ à¤¨à¥‡ à¤¬à¤¿à¤¹à¤¾à¤° à¤®à¥‡à¤‚ à¤•à¥à¤¯à¤¾ à¤•à¤¾à¤‚à¤¡ à¤•à¤¿à¤¯à¤¾?| Tejashwi Yadav,25
CASIMIRO REAGE: AEROPORTO - ISSO QUE SÃƒO FRASES DE EFEITO! | Cortes do Casimito,24
Zaho - On s'fait du mal feat. Dadju (Clip officiel),10
Make Me Proud,43
à¦¬à¦°à§à¦£ à¦ªà¦°à¦¿à¦šà¦¿à¦¤à¦¿: à¦¥ | à¦¬à¦°à§à¦£à¦®à¦¾à¦²à¦¾à¦° à¦˜à¦° | à¦¦à§à¦°à¦¨à§à¦¤ à¦Ÿà¦¿à¦­à¦¿,1
2023 Birthday Special for Linda Larkin (Part 72),23
Boonie Bears: The Wild Life,30
â€˜à¸à¸±à¸™ à¸ˆà¸­à¸¡à¸à¸¥à¸±à¸‡â€™ à¸šà¸¸à¸à¸Šà¹ˆà¸§à¸¢à¹€à¸”à¹‡à¸ 14 à¸–à¸¹à¸à¸„à¸£à¸¹à¸­à¸™à¸²à¸ˆà¸²à¸£ l à¸•à¸¥à¸²à¸”à¸‚à¹ˆà¸²à¸§ - à¸‚à¹ˆà¸²à¸§à¹€à¸Šà¹‰à¸²à¹€à¸§à¸´à¸£à¹Œà¸„à¸à¸­à¸¢à¸—à¹Œ l 21 à¸¡à¸µ.à¸„.66,25
"Ğ¡Ğ¾Ğ»Ğ¾Ğ²Ğ¹Ğ¾Ğ² Ñ–ÑÑ‚ĞµÑ€Ğ¸Ñ‚ÑŒ, Ğ—Ğ°Ñ…Ğ°Ñ€Ğ¾Ğ²Ğ° Ğ»ÑĞºĞ°Ñ” Ñ€Ğ¾ÑÑ–ÑĞ½. ĞĞºÑƒĞ¿Ğ°Ğ½Ñ‚Ğ°Ğ¼ ÑÑ‚Ñ€Ğ°ÑˆĞ½Ğ¾ Ğ·Ğ° Ğ¿ÑƒÑ‚Ñ–Ğ½Ğ°",22
"Oleksandr Usyk (Ukraine) vs Thabiso Mchunu (South Africa) | KNOCKOUT, BOXING fight, HD, 60 fps",17
Ã–mer Dizisi 9. BÃ¶lÃ¼m,24
Shan-e- Sehr | Wazaif | Mufti Muhammad Sohail Raza Amjadi | Waseem Badami | 23rd March 2023,24
MC TUTO - DEIXA NÃ“S VIVER EM PAZ | NA ESCOLA #SHORTS,23
WATCHIN MOIST MOGUL VALORANT THEN DECEIVING PEOPLE WITH TOAST,20
DeSantis: Trump indictment would be 'fundamentally wrongâ€™,25
Mann Aangan Episode 32 | 22nd March 2023 | ARY Digital Drama,24
Periyava Vanoli Live Morning Broadcast 21 03 2023,22
BREAKING - Sheikh Jassim & Sir Jim Ratcliffe miss Manchester United's deadline for offers,17
Brian Windhorst explains why it's important for Ja Morant & Jaylen Brown to make the All-NBA team ğŸ‘€,17
Trumpâ€™s lawyer reveals how screwed Trump is on national TV,25
This is the New All-Electric Explorer. This is Exploring Reinvented.,2
MARION JOLA DULU TAKUT SAMA DESTA! SEKARANG UDAH BERANI DEKET BOTUNA..,23
AKU BELI SUBMACHINE GUN UNTUK MENANGKAP EL KRIMINALE! Contraband Police GAMEPLAY #7,20
Saath Nibhaana Saathiya | à¤¸à¤¾à¤¥ à¤¨à¤¿à¤­à¤¾à¤¨à¤¾ à¤¸à¤¾à¤¥à¤¿à¤¯à¤¾ | Kya Aham ko dard mein chhod kar chali jayegi Gopi?,24
Teri Meri Doriyaann | Kya Sahiba Apni Jagaah Bana Paayegi?,24
"Evariki Vaare - Video Song | 1992 Telugu Movie | Mahi, Murali, Mona Thakur,Aishwarrya | Kannu Sameer",10
Should India HELP Pakistan? | Pakistan Economic Crisis,25
ØºØ²Ù„ ØªØ­ÙƒÙ…Øª ÙÙŠ Ø´ÙØ§ Ù…Ù…Ù†ÙˆØ¹  ØªÙ‚ÙˆÙ„ Ù„Ø§ !,22
Saath Nibhaana Saathiya | à¤¸à¤¾à¤¥ à¤¨à¤¿à¤­à¤¾à¤¨à¤¾ à¤¸à¤¾à¤¥à¤¿à¤¯à¤¾ | Kyun banaya Urmila ne kam khana?,24
Cop Flips Over Mercedes Hood When Hit By Car,25
NBA Plays You Have to See to Believe,17
Mann Kee Awaaz Pratigya | à¤®à¤¨ à¤•à¥€ à¤†à¤µà¤¾à¤œà¤¼ à¤ªà¥à¤°à¤¤à¤¿à¤œà¥à¤à¤¾ | Will Komal retun home with Adarsh?,24
RYE LANE | Official Trailer | Searchlight Pictures,1
à¦¨à¦¦à§€à¦¤à§‡ à¦¡à§à¦¬à§‡ à¦¨à¦·à§à¦Ÿ à¦¹à¦šà§à¦›à§‡ à¦¸à¦¾à¦¦à§à¦¦à¦¾à¦®à§‡à¦° à¦¬à¦¿à¦²à¦¾à¦¸à¦¬à¦¹à§à¦² à¦ªà§à¦°à¦®à§‹à¦¦à¦¤à¦°à¦¿ à¦†à¦²-à¦®à¦¨à¦¸à§à¦° | Saddam Yacht | News | Ekattor TV,25
Tin tá»©c 24h má»›i nháº¥t 21/3 | Quan chá»©c tÆ° phÃ¡p tháº¿ giá»›i quy tá»¥ vá» LuÃ¢n ÄÃ´n bÃ n cÃ¡ch báº¯t giá»¯ TT Putin,25
Milio Champion Spotlight | Gameplay - League of Legends,20
Malar - Promo | 23 Mar 2023 | Sun TV Serial | Tamil Serial,24
Schiff: GOP targeting Manhattan DA is right from â€˜autocratic playbookâ€™,25
Leona thanks Alexa for helping Aidan | Dirty Linen,24
MY FAVORITE ROBLOX GAMES,20
Samjhota Episode 40 | Tonight at 9:00 PM | Javed Sheikh | Shaista Lodhi | ARY Digital Drama,24
AE86 vs GR86: Which one is worth it?,2
Hit-Boy x Nas - The Tide (Official Video),10
Saath Nibhaana Saathiya | à¤¸à¤¾à¤¥ à¤¨à¤¿à¤­à¤¾à¤¨à¤¾ à¤¸à¤¾à¤¥à¤¿à¤¯à¤¾ | Kokila ne suni Rashi-Urmila ki baatein! - Part 2,24
Vanathai Pola - Promo | 21 Mar 2023 | Sun TV Serial | Tamil Serial,24
Gwyneth Paltrow returns to court for ski collision lawsuit,25
Bravestorm,30
Why Selena Gomez Is Dressed as a BRIDE!,24
Sapna à¤”à¤° Bachcha à¤¨à¤¹à¥€à¤‚ à¤²à¥‡à¤¨à¤¾ à¤šà¤¾à¤¹à¤¤à¥‡ Chandu à¤•à¤¾ Interview! | The Kapil Sharma Show | Hasi Ke Patakhe,24
Ğ¡ÑƒĞ¿ĞµÑ€Ğ½Ğ¸Ğ½Ğ´Ğ·Ñ | Ğ’Ñ‹Ğ¿ÑƒÑĞº 6,1
MANDALORIAN Season 3 Episode 4 BREAKDOWN - Jar-Jar saved Grogu + Star Wars Easter Eggs,1
Lakers â€˜canâ€™t rely on Anthony Davisâ€™; LeBron to return at 'some point' | NBA | FIRST THINGS FIRST,17
Grounded but MAN I'M DEAD ğŸ’€,20
How China's increasing global influence may affect U.S. foreign relations,25
Brookhavens Most Secure House! ğŸ¤«,22
Two wounded in shooting at Colorado high school,25
PUBG MOBILE X BUGATTI | New Supercar Features Live Now!,20
ğŸ”´LIVE - DEADROP -SUPERLIFT EXPERT,20
Inside The Lab That Tests Elevator Free-Falls,27
"Pyaar Hota Kayi Baar Hai (Full video) Tu Jhoothi Main Makkaar |Ranbir,Shraddha,Pritam,Arijit,Amitabh",10
"""MEAT MIRROR"" Ribeye Hotpot & ROADSIDE Pie Stand in Toronto Canada",19
"US recession will hit 'everywhere all at once,' economist warns",25
Will Carlo Ancelotti head to Brazil when finished at Real Madrid? | ESPN FC,17
REVEALED! The 2023 Challenger SRT Demon 170 Ends Dodge's Era of Excess with 1025-HP V8,2
"KNICKS at HEAT | FULL GAME HIGHLIGHTS | March 22, 2023",17
icarros - faz a vida rodar - vender um carro pra investir no sonho,2
Our Pahadi Style Wedding Reception || Jyotika and Rajat #JyotikaRajatKiShaadi,24
Geo News Headlines 3 AM - Ramzan - First Sehri Preparations | 22rd Mar 2023,25
SAYANG DAW ANG KAGWAPUHAN NI KUYA DAHIL WALA ITONG UTAK!,25
Nga dá»a phÃ³ng tÃªn lá»­a siÃªu thanh vÃ o trá»¥ sá»Ÿ ICC HÃ  Lan sau lá»‡nh báº¯t Tá»•ng thá»‘ng Putin | TV24h,25
Roblox Is Better Than Minecraft? - #shorts,24
Soolking - London Live Show : Adios x LibertÃ© (YouTube Premium Afterparty),10
Moving to New Asgard So Valkyrie Can Be Our King,24
Are Face Filler Trends Dissolving? | The View,24
Emanuel Brown - Call On Me (Official Music Video 2023),10
How Quantum Computers Break The Internet... Starting Now,27
Counter-Strike 2: Responsive Smokes,20
We SPILLED CORN While Loading the Truck! Touring a NEW Hog Barn with Randy,22
We Played Our 4TH Match In HAWAII | GM golf vs Luke Kwon,22
US Presidents Play Wii Sports Boxing,20
SCREAMS SCREAMS and MORE SCREAMS [Fears To Fathom: Norwood Hitchhike],20
The End of Cheap Chinese Labor,27
Counter-Strike 2: Leveling Up The World,20
JISOO - VISUAL FILM #2,10
Putting A Homemade Interior In My 64 PERSON LIFEBOAT!,22
"ASMR for ADHD Focus on ME ! Follow my Instructions, FOCUS TESTSâš¡ Fast & Aggressive âš¡FAST PACED",24
Rob Dahmâ€™s 4 Rotor AWD RX-7 vs 850hp Jeep Trackhawk // THIS vs DAHM,2
Murdaugh attorney says he's â€˜mad as hellâ€™ about leaked phone call,25
Renfield | Final Trailer,24
We Made Youtube Change Its Policy,20
Inside Debby Ryan & Josh Dun's Fascinating Ohio Home | Open Door | Architectural Digest,24
Mighty Morphin Power Rangers: Once & Always | Official Trailer | Netflix,24
ROSALÃA & Rauw Alejandro - BESO (Official Trailer),10
Kid Surprised Mom With Birthday Presents **She Got Emotional**,22
You Hurt My Feelings | Official Trailer HD | A24,1
I Built a Secret Gaming Room to Hide From My Sister!,22
Star Wars Jedi: Survivor - Official Story Trailer,20
Food Theory: This TikTok Drink is the Best WORST Idea Ever! (BORG),26
Grupo Firme - Junior H - Tronando Ligas (Video Oficial),10
USA vs. Japan Highlights | 2023 World Baseball Classic Championship,17
GothamChess Tried To Beat My GM Mom...,20
JPEGMAFIA x Danny Brown - SCARING THE HOES,10
GETTING IT BACK IN BLOOD | The Poop Killer 5 ğŸ’©,20
Fortnite Creative 2.0 Chapter 1 Teaser,20
Hasbulla Goes Shopping For Sneakers With CoolKicks,24
Toosii - Favorite Song (Official Video),10
"[NMIXX] ""Love Me Like This"" Stage Practice",24
ATEEZ - 'Limitless' Official Music Video,10
Rescue Dog Stayed in Her Crate For Five Days Until She Realized She Was Home | The Dodo,15
I Paid A Real Assassin To Try To Kill Me,24
I spent 20 days building this giant wizard tower,24
Wilmer Roberts Ft. Al2 El Aldeano - LOFI ( Video Oficial ),10
The System that Fuels Media Negativity,27
PokÃ©mon NOOB Attempts a Hardcore Nuzlocke...,20
Why Construction Projects Always Go Over Budget,27
Is the Navy ready? How the U.S. is preparing amid a naval buildup in China | 60 Minutes,25
Solo Leveling | OFFICIAL TEASER,1
I Surprised LeBron James with Custom Shoes,17
Counter-Strike 2: Moving Beyond Tick Rate,20
I Built Satisfying Traps to Escape Hunters,20
We Made The Backrooms DANGEROUSLY HILARIOUS...,20
Minecraft but My XP = World Size,20
